CC00000005_3_20260722235339.csv,CC00000005_3_20260722235339.csv,,,,,,,,,,,
CC00000005_3_20260722235339.csv,,,,,,,,,,,,
CC00000005_3_20260722235339.csv,,,,,,,,,,,,
CC00000005_3_20260722235339.csv,,,,,,,,,,,,找尋不重複公式
CC00000005_3_20260722235339.csv,,,,,,,,,,,,
CC00000005_3_20260710180212.csv,CC00000005_3_20260710180212.csv,,,,,,,,,,,
CC00000005_3_20260710180212.csv,,,,,,,,,,,,
CC00000005_3_20260710180212.csv,,,,,,,,,,,,
CC00000005_3_20260710180212.csv,,,,,,,,,,,,
CC00000005_3_20260710180212.csv,,,,,,,,,,,,
CC00000005_3_20260626105931.csv,CC00000005_3_20260626105931.csv,,,,,,,,,,,
CC00000005_3_20260626105931.csv,,,,,,,,,,,,
CC00000005_3_20260626105931.csv,,,,,,,,,,,,
CC00000005_3_20260626105931.csv,,,,,,,,,,,"""=IF(COUNTIF($G$7:G7,G7)=1,G7,""找尋不重複公式"")""",
CC00000005_3_20260626105931.csv,,,,,,,,,,,,
CC00000005_3_20260618202322.csv,CC00000005_3_20260618202322.csv,,,,,,,,,,,
CC00000005_3_20260618202322.csv,,,,,,,,,,,$G$7 起始頭,
CC00000005_3_20260618202322.csv,,,,,,,,,,,G7 當前位置,
CC00000005_3_20260618202322.csv,,,,,,,,,,,G7延生位置,
CC00000005_3_20260618202322.csv,,,,,,,,,,,"""IF(COUNTIF($G$7:G7,G7)=1"" 比對true 顯示當前G7",
CC00000005_3_20260614061013.csv,CC00000005_3_20260614061013.csv,,,,,,,,,,反之目前顯示空白,
CC00000005_3_20260614061013.csv,,,,,,,,,,,,
CC00000005_3_20260614061013.csv,,,,,,,,,,,,
CC00000005_3_20260614061013.csv,,,,,,,,,,,,
CC00000005_3_20260613224928.csv,CC00000005_3_20260613224928.csv,,,,,,,,,,,
CC00000005_3_20260613224928.csv,,,,,,,,,,,,
CC00000005_3_20260613224928.csv,,,,,,,,,,,,
CC00000005_3_20260613224928.csv,,,,,,,,,,,,
CC00000005_3_20260614061013.csv,,,,,,,,,,,,
CC00000005_3_20260613224928.csv,,,,,,,,,,,,
CC00000005_3_20260526231655.csv,CC00000005_3_20260526231655.csv,,,,,,,,,,,
CC00000005_3_20260526231655.csv,,,,,,,,,,,,
CC00000005_3_20260526231655.csv,,,,,,,,,,,,
CC00000005_3_20260526231655.csv,,,,,,,,,,,,
CC00000005_3_20260526180007.csv,CC00000005_3_20260526180007.csv,,,,,,,,,,,
CC00000005_3_20260526180007.csv,,,,,,,,,,,,
CC00000005_3_20260526180007.csv,,,,,,,,,,,,
CC00000005_3_20260526180007.csv,,,,,,,,,,,,
CC00000005_3_20260526180007.csv,,,,,,,,,,,,
CC00000005_3_20260510063339.csv,CC00000005_3_20260510063339.csv,,,,,,,,,,,
CC00000005_3_20260510063339.csv,,,,,,,,,,,,
CC00000005_3_20260510063339.csv,,,,,,,,,,,,
CC00000005_3_20260510063339.csv,,,,,,,,,,,,
CC00000005_3_20260510150609.csv,CC00000005_3_20260510150609.csv,,,,,,,,,,,
CC00000005_3_20260510150609.csv,,,,,,,,,,,,
CC00000005_3_20260510150609.csv,,,,,,,,,,,,
CC00000005_3_20260510150609.csv,,,,,,,,,,,,
CC00000005_3_20260510150609.csv,,,,,,,,,,,,
CC00000005_3_20260510063339.csv,,,,,,,,,,,,
CC00000005_3_20260503145753.csv,CC00000005_3_20260503145753.csv,,,,,,,,,,,
CC00000005_3_20260503145753.csv,,,,,,,,,,,,
CC00000005_3_20260503145753.csv,,,,,,,,,,,,
CC00000005_3_20260503145753.csv,,,,,,,,,,,,
CC00000005_3_20260503145753.csv,,,,,,,,,,,,
CC00000005_3_20260423001237.csv,CC00000005_3_20260423001237.csv,,,,,,,,,,,
CC00000005_3_20260423001237.csv,,,,,,,,,,,,
CC00000005_3_20260423001237.csv,,,,,,,,,,,,
CC00000005_3_20260423001237.csv,,,,,,,,,,,,
CC00000005_3_20260423001237.csv,,,,,,,,,,,,
CC00000005_3_20260423001237.csv,,,,,,,,,,,,
CC00000005_3_20260423001237.csv,,,,,,,,,,,,
CC00000005_3_20260423001237.csv,,,,,,,,,,,,
CC00000005_3_20260423001237.csv,,,,,,,,,,,,
